name,country,created_at
Emily Bell,Taiwan,2019
Christine Best,South Georgia and the South Sandwich Islands,2020
James Holloway,Mayotte,2005
Emily Lane,French Guiana,2017
Christopher Williams,Bolivia,2010
Teresa Jennings,Martinique,2015
Brian Bryant,Western Sahara,2008
Angelica Anthony,Brazil,1983
Joyce Orr,Niue,1994
Christopher Miller,Morocco,1993
Jessica Jones,Grenada,2010
Katelyn Collins,Algeria,1995
Amanda Moody,Micronesia,1995
Jeff Stevens,Heard Island and McDonald Islands,2007
Emily Welch,Kazakhstan,1974
