first_name,last_name,dob,gender,postcode
Georgia,Sanders,1955-10-15T12:51:48.154Z,female,5962
Melanie,Polzin,1976-09-24T12:22:01.453Z,female,92878
غزل,موسوی,1971-10-06T01:30:43.247Z,female,52851
Todora,Ilyashenko,1991-12-10T19:23:35.605Z,female,44717
Cristina,Prieto,1980-03-30T03:54:32.231Z,female,59932
Yudit,Gudim,1961-08-02T02:16:54.794Z,female,24415
Dion,Oosterbeek,2000-07-08T04:09:44.114Z,male,8691 IV
Cody,Butler,1975-06-13T03:02:52.598Z,male,74234
Umut,Tekelioğlu,1988-01-30T07:11:04.024Z,male,97756
Julia,Pulkkinen,1963-03-17T23:04:50.913Z,female,48182
Roman,Green,1954-06-21T20:36:22.793Z,male,18391
Eva,Mitchell,1970-06-07T08:45:43.465Z,female,D1S 1L6
Jacob,Mortensen,1960-11-08T02:27:09.699Z,male,95296
