name,address,created_at
Yvonne Gutierrez,"46772 Lopez Plaza Suite 729
Angelashire, VI 70710",2014
Thomas Taylor,"1580 Wright Courts Suite 505
Reedfort, DC 12613",2010
Thomas Gonzalez,"7597 Gregory Branch
Walkermouth, GU 27992",2019
Susan Ward,"USCGC Medina
FPO AE 06524",2005
Megan Burns,"253 Joshua Lights
Brandyborough, NE 58089",1982
Adam Griffith,"20559 Shea Wells
South Codytown, NY 42897",2020
Dana Sanders,"2785 Webb Rue
Romerostad, LA 51155",2013
Jason Marsh,"9325 Greer Well
Richardsland, RI 67869",2013
Richard Anderson,"77805 Christopher Trail Apt. 086
North Marcia, VI 07059",2003
Kenneth Vazquez,"Unit 9980 Box 6872
DPO AE 69001",2018
Brianna Williams,"10010 Petersen Green
South John, SC 20447",2009
Justin Shaw,"6141 Green Throughway Suite 019
Port Matthew, CO 89930",1990
Greg Taylor,"6375 Meyers Islands
West Taraland, CA 05799",1994
Tiffany Baker,"366 Charles Valley
Shannonbury, VA 54306",2013
David Warner,"664 Sean Plain
Lake Michelletown, FM 74412",2008
